sale_service_id,pickup_reason_code_status,delivery_reason_code_status
01G9DYU,RC no needed,Updated RC
01GJJJW,Updated RC,RC no needed
01G9KT8,RC no needed,Updated RC
01GGAJ3,RC no needed,RC no needed
01G9AM6,RC no needed,Updated RC
01GGAH4,RC no needed,RC no needed
01GGAKQ,Updated RC,RC no needed
01GHV67,Updated RC,Updated RC
01FKKLG,Updated RC,Updated RC
01GGAKE,Updated RC,RC no needed
01G9KT6,Updated RC,Updated RC
01GGAKT,Updated RC,RC no needed
01FYXPQ,Updated RC,Updated RC
01GGAJK,RC no needed,RC no needed
01GP1FJ,RC no needed,RC no needed
01GC1GF,RC no needed,RC no needed
01GFLXN,Updated RC,Updated RC
01GC1N0,Updated RC,Updated RC
01GHL3N,RC no needed,Updated RC
01FTLJU,Updated RC,Updated RC
01G8Q0W,RC no needed,Updated RC
01FP5PC,RC no needed,Updated RC
01GGAGN,RC no needed,RC no needed
01GC1EC,RC no needed,RC no needed
01G25U2,Updated RC,Updated RC
01GC1J8,RC no needed,RC no needed
01GC1H1,RC no needed,RC no needed
01GA7TE,RC no needed,Updated RC
01GKNH6,Updated RC,Updated RC
01G3D9N,Updated RC,Updated RC
01FPQJD,RC no needed,Updated RC
01G8TQ5,Updated RC,Updated RC
01FKXRX,Updated RC,Updated RC
01G0CGW,Updated RC,Updated RC
01G3D6P,Updated RC,Updated RC
01G95AH,RC no needed,Updated RC
01FPCT3,Updated RC,Updated RC
01FWCFD,Updated RC,Updated RC
01G67UF,RC no needed,Updated RC
01G8156,RC no needed,Updated RC
01G3D9P,RC no needed,Updated RC
01G0CGU,Updated RC,Updated RC
01G0CH1,Updated RC,Updated RC
01G0E0D,Updated RC,Updated RC
01G952N,Updated RC,Updated RC
01G7JXE,Updated RC,Updated RC
01G9MRA,Updated RC,Updated RC
01FP9U2,Updated RC,Updated RC
01GJJKM,Updated RC,RC no needed
01G952U,Updated RC,Updated RC
01GKDGG,Updated RC,RC no needed
01G7K1W,Updated RC,Updated RC
01GKNJ8,Updated RC,Updated RC
01G94Y7,RC no needed,Updated RC
01GA7T1,RC no needed,Updated RC
01GA7T4,RC no needed,Updated RC
01GGN3W,RC no needed,Updated RC
01GDF97,RC no needed,Updated RC
01GGED6,RC no needed,RC no needed
01GHL3K,Updated RC,Updated RC
01GGCLT,RC no needed,Updated RC
01G8TPL,RC no needed,Updated RC
01GCKED,Updated RC,RC no needed
01GGCR1,RC no needed,RC no needed
01GQGAF,RC no needed,RC no needed
01GGW5T,RC no needed,RC no needed
01GE336,RC no needed,Updated RC
01GHJ8C,RC no needed,RC no needed
01GHL3Q,Updated RC,Updated RC
01FN8RK,RC no needed,Updated RC
01GGW07,RC no needed,RC no needed
01GGCQN,RC no needed,RC no needed
01GCKCV,Updated RC,RC no needed
01FN8RU,Updated RC,Updated RC
01FN8QL,Updated RC,Updated RC
01FULE6,Updated RC,Updated RC
01GGEVA,RC no needed,Updated RC
01GD46K,RC no needed,Updated RC
01FUL9E,Updated RC,Updated RC
01FTCG7,Updated RC,Updated RC
01GD5HL,Updated RC,Updated RC
01FUMYL,Updated RC,Updated RC
01FT887,Updated RC,Updated RC
01FULA2,Updated RC,Updated RC
01FXRCK,Updated RC,Updated RC
01FXRCQ,Updated RC,Updated RC
01FXRF1,Updated RC,Updated RC
01FXRFA,Updated RC,Updated RC
01FNFX9,Updated RC,Updated RC
01G5HTL,Updated RC,Updated RC
01FXRFF,Updated RC,Updated RC
01GC1G6,RC no needed,RC no needed
01GHGP7,RC no needed,Updated RC
01GHGQ1,Updated RC,Updated RC
01GGVP3,RC no needed,RC no needed
01GHQR2,RC no needed,Updated RC
01GHQVG,RC no needed,RC no needed
01GHGQF,Updated RC,Updated RC
01G9DX0,RC no needed,Updated RC
01G9E2R,RC no needed,Updated RC
01GFJUQ,RC no needed,RC no needed
01FTLLD,Updated RC,Updated RC
01GFJV7,RC no needed,Updated RC
01GFJUU,RC no needed,RC no needed
01FRXCD,Updated RC,Updated RC
01GDMR8,RC no needed,Updated RC
01FU9V5,Updated RC,Updated RC
01GDMT0,RC no needed,Updated RC
01GHL3H,Updated RC,RC no needed
01GDMTN,RC no needed,Updated RC
01G0DUP,Updated RC,RC no needed
01GE4LC,RC no needed,RC no needed
01GE4JX,Updated RC,RC no needed
01GDC2H,RC no needed,RC no needed
01GFLTC,RC no needed,RC no needed
01GDGUT,RC no needed,Updated RC
01FXRCU,Updated RC,Updated RC
01G44DY,Updated RC,Updated RC
01GEXWK,RC no needed,Updated RC
01G6MV7,Updated RC,Updated RC
01G2JK3,RC no needed,Updated RC
01G2HX2,Updated RC,Updated RC
01GJ3RJ,Updated RC,RC no needed
01GHJ21,Missing RC,Updated RC
01G06YM,Updated RC,Updated RC
01GJ7QL,Updated RC,Updated RC
01G2HYT,Updated RC,Updated RC
01G06YK,Updated RC,Updated RC
01G06YL,Updated RC,Updated RC
01G672J,RC no needed,Updated RC
01G7183,RC no needed,Updated RC
01FUAUE,Updated RC,Updated RC
01G7ER0,RC no needed,RC no needed
01FQLJ5,Updated RC,Updated RC
01GJ3T2,Updated RC,Updated RC
01G2J0G,Updated RC,Updated RC
01FRATD,Updated RC,Updated RC
01GJ1XC,Updated RC,Updated RC
01GJ26F,Updated RC,Updated RC
01G2DHK,Updated RC,RC no needed
01GJ22P,Updated RC,Updated RC
01FRH2V,Updated RC,Updated RC
01G6NKN,RC no needed,Updated RC
01GKNJT,Updated RC,RC no needed
01G0GYX,Updated RC,Updated RC
01FX11L,Updated RC,Updated RC
01FWU1P,Updated RC,Updated RC
01FUAUU,Updated RC,Updated RC
01G6MUT,Updated RC,Updated RC
01FUXNX,Updated RC,Updated RC
01G6MUM,Updated RC,Updated RC
01GKR5X,Updated RC,Updated RC
01GKR53,RC no needed,Updated RC
01G2L6K,Updated RC,Updated RC
01FWTHW,Updated RC,Updated RC
01FTCG4,Updated RC,Updated RC
01G64UX,RC no needed,Updated RC
01G64PD,RC no needed,Updated RC
01GH90E,RC no needed,RC no needed
01G6V27,RC no needed,Updated RC
01GH2Q6,Updated RC,Updated RC
01FWU1W,Updated RC,Updated RC
01G2J42,Updated RC,Updated RC
01FWTDM,Updated RC,Updated RC
01GHQTY,RC no needed,RC no needed
01G3CRE,Updated RC,Updated RC
01G6MRD,Updated RC,Updated RC
01FX1AP,Updated RC,Updated RC
01GE9UW,RC no needed,RC no needed
01FQ0L4,Updated RC,Updated RC
01G9U5R,RC no needed,Updated RC
01GEK0R,Updated RC,RC no needed
01FXJ4R,Updated RC,Updated RC
01FU0P1,Updated RC,Updated RC
01FQ0N5,RC no needed,Updated RC
01G7ER3,Updated RC,Updated RC
01G7ER9,Updated RC,Updated RC
01G7W36,RC no needed,Updated RC
01G7ER6,Updated RC,Updated RC
01G7D21,RC no needed,Updated RC
01FPR51,Updated RC,Updated RC
01GEQ5Q,RC no needed,Updated RC
01G7W38,RC no needed,Updated RC
01FK9GP,Updated RC,Updated RC
01FXJ4M,Updated RC,Updated RC
01GEN51,Updated RC,Updated RC
01GEXW1,RC no needed,Updated RC
01GL82K,RC no needed,RC no needed
01FNWLE,Updated RC,Updated RC
01G7CVY,RC no needed,Updated RC
01FTJEQ,Updated RC,Updated RC
01G4MFC,RC no needed,Updated RC
01FQ38V,Updated RC,Missing RC
01FK96E,Updated RC,Updated RC
01GEAXT,Updated RC,Updated RC
01FNWRV,Updated RC,Updated RC
01FK9GU,Updated RC,Updated RC
01GEACP,RC no needed,Updated RC
01FK9GR,Updated RC,Updated RC
01G5NUF,Updated RC,Updated RC
01FQ0QP,Updated RC,Updated RC
01G4JW7,RC no needed,RC no needed
01GEEDU,RC no needed,RC no needed
01FMCGM,Updated RC,Updated RC
01GEXVF,RC no needed,Updated RC
01GAT6N,RC no needed,Updated RC
01G5NV4,Updated RC,Updated RC
01FK9GT,Updated RC,Updated RC
01G5GW9,Updated RC,Updated RC
01FQ37H,Updated RC,Updated RC
01G3CHR,Updated RC,Updated RC
01FLXAW,Updated RC,Updated RC
01FK9GQ,Updated RC,Updated RC
01FLXC0,Updated RC,Updated RC
01GFEVW,Updated RC,Updated RC
01FT87C,Updated RC,Updated RC
01FK9GN,Updated RC,Updated RC
01GD0R1,RC no needed,RC no needed
01GK1RM,RC no needed,Updated RC
01GAU7R,Updated RC,RC no needed
01GGYPY,Updated RC,Updated RC
01GJNX3,RC no needed,Updated RC
01GH70X,RC no needed,Updated RC
01GALHX,Updated RC,Updated RC
01GGV5V,RC no needed,Updated RC
01GG36C,RC no needed,Updated RC
01GK1VC,Updated RC,Updated RC
01GFF4M,Updated RC,Updated RC
01GH2M3,RC no needed,Updated RC
01GHDAE,RC no needed,Updated RC
01G7XU6,RC no needed,RC no needed
01GCYF9,RC no needed,Updated RC
01GDQV8,RC no needed,Updated RC
01G79TC,Updated RC,Updated RC
01GJNX9,Updated RC,RC no needed
01FULFR,Updated RC,Updated RC
01GK5GX,Updated RC,RC no needed
01G93R4,RC no needed,Updated RC
01G9GEA,Updated RC,Updated RC
01G6297,Updated RC,Updated RC
01GEX45,RC no needed,Updated RC
01G93H1,RC no needed,Updated RC
01G8YR6,RC no needed,Updated RC
01G9N4H,RC no needed,Updated RC
01G9A44,Updated RC,Updated RC
01GG0HE,Updated RC,RC no needed
01G9TKY,RC no needed,Updated RC
01GARWH,Updated RC,RC no needed
01G9AMJ,RC no needed,Updated RC
01G9AMH,RC no needed,Updated RC
01GJHRX,RC no needed,Updated RC
01GH70M,RC no needed,Updated RC
01GH705,RC no needed,Updated RC
01GDCYM,Updated RC,RC no needed
01G8YPK,Updated RC,Updated RC
01GHW3L,RC no needed,Updated RC
01G8YRC,RC no needed,Updated RC
01G9AA3,RC no needed,Updated RC
01GJEET,RC no needed,Missing RC
01GDD1Y,Updated RC,RC no needed
01G8KGH,RC no needed,Updated RC
01GAH3F,Updated RC,Updated RC
01GFA6Y,Updated RC,Updated RC
01GCAQP,Updated RC,Updated RC
01GDAU0,RC no needed,RC no needed
01G5K4K,Updated RC,Updated RC
01G0DUL,Updated RC,Updated RC
01GGGTH,RC no needed,Updated RC
01G6A4Y,RC no needed,Updated RC
01GFA72,RC no needed,Updated RC
01G9TNY,RC no needed,Updated RC
01GAN9H,Updated RC,Updated RC
01GK1U4,Updated RC,RC no needed
01G6VRR,Updated RC,RC no needed
01GAT0W,RC no needed,RC no needed
01GCG81,RC no needed,RC no needed
01G5449,RC no needed,RC no needed
01GAU7H,RC no needed,Updated RC
01G5419,RC no needed,RC no needed
01GDQX6,RC no needed,RC no needed
01G79TF,RC no needed,RC no needed
01G7LY3,RC no needed,Updated RC
01GEKLH,Updated RC,Updated RC
01G82LT,RC no needed,RC no needed
01GK0H6,RC no needed,RC no needed
01G8CWL,RC no needed,RC no needed
01G5VH6,Updated RC,RC no needed
01GA9WJ,Updated RC,Updated RC
01G93PV,RC no needed,Updated RC
01G4JG4,RC no needed,Updated RC
01G7R16,RC no needed,RC no needed
01GGLFV,RC no needed,Updated RC
01GAU9L,RC no needed,RC no needed
01GDW2M,Updated RC,Updated RC
01G9N4P,RC no needed,Updated RC
01GJKHL,RC no needed,Updated RC
01G61Y8,RC no needed,RC no needed
01GDGW2,RC no needed,Updated RC
01G8P00,Updated RC,RC no needed
01GCAPX,RC no needed,RC no needed
01GFA6V,Updated RC,Updated RC
01GKYFA,Missing RC,RC no needed
01GK4N1,RC no needed,RC no needed
01G7R01,RC no needed,RC no needed
01GE14R,RC no needed,RC no needed
01FJYG7,RC no needed,RC no needed
01G3V54,RC no needed,RC no needed
01GF48T,RC no needed,RC no needed
01FJYGD,RC no needed,RC no needed
01GCGLE,RC no needed,RC no needed
01GEX6F,RC no needed,RC no needed
01FUFYP,RC no needed,RC no needed
01G45MF,RC no needed,RC no needed
01G9X3A,RC no needed,RC no needed
01GF47K,RC no needed,RC no needed
01FJYAK,RC no needed,RC no needed
01GDAM5,RC no needed,Updated RC
01FJYGC,Updated RC,RC no needed
01G5GH4,RC no needed,RC no needed
01GD81M,RC no needed,RC no needed
01FULFH,RC no needed,RC no needed
01GDEQ0,RC no needed,RC no needed
01FUHE9,RC no needed,RC no needed
01GDAFU,RC no needed,RC no needed
01GD81Y,RC no needed,RC no needed
01GGVDK,RC no needed,RC no needed
01FUG4N,RC no needed,RC no needed
01FUG84,Updated RC,RC no needed
01GD7UK,RC no needed,RC no needed
01GD805,RC no needed,RC no needed
01FV9QU,RC no needed,RC no needed
01GD92E,RC no needed,RC no needed
01GARTQ,RC no needed,RC no needed
01FYQME,RC no needed,RC no needed
01G9Q5V,RC no needed,RC no needed
01G9QJM,RC no needed,RC no needed
01G3V56,RC no needed,RC no needed
01GEXJM,RC no needed,RC no needed
01FX9VJ,RC no needed,RC no needed
01FY35K,Updated RC,Updated RC
01G3UY7,RC no needed,RC no needed
01G464X,RC no needed,RC no needed
01FU077,RC no needed,RC no needed
01GD80L,RC no needed,RC no needed
01GF188,RC no needed,RC no needed
01GF2U4,RC no needed,RC no needed
01FU07C,Updated RC,Updated RC
01FU07D,Updated RC,RC no needed
01GF124,RC no needed,RC no needed
01GE34K,RC no needed,RC no needed
01GD4KA,RC no needed,RC no needed
01G9X0A,Updated RC,Updated RC
01GARVN,RC no needed,RC no needed
01GD0RN,RC no needed,RC no needed
01GARVU,RC no needed,RC no needed
01G45W4,RC no needed,RC no needed
01G9WXN,RC no needed,RC no needed
01GE17P,RC no needed,RC no needed
01GHRC5,RC no needed,RC no needed
01GD43X,RC no needed,RC no needed
01GD1ME,RC no needed,RC no needed
01GD43N,RC no needed,RC no needed
01G432Q,RC no needed,RC no needed
01GAULV,RC no needed,RC no needed
01GD42A,RC no needed,RC no needed
01G5JFD,RC no needed,RC no needed
01FUGCX,Updated RC,Updated RC
01GF2TA,RC no needed,RC no needed
01GF2QW,RC no needed,RC no needed
01GF2P4,RC no needed,RC no needed
01FUGCG,RC no needed,Updated RC
01GF2F1,RC no needed,RC no needed
01FUGCQ,Updated RC,Updated RC
01GDEDP,RC no needed,RC no needed
01GD9AQ,RC no needed,RC no needed
01GE5DJ,RC no needed,RC no needed
01G00QQ,RC no needed,RC no needed
01GE14L,RC no needed,RC no needed
01GDW1Y,RC no needed,RC no needed
01GARTT,RC no needed,RC no needed
01FJYKY,Updated RC,RC no needed
01GDEF0,RC no needed,RC no needed
01GE12V,RC no needed,RC no needed
01GDAD7,RC no needed,RC no needed
01GDCV5,RC no needed,RC no needed
01GDHD7,RC no needed,RC no needed
01GDAUK,RC no needed,RC no needed
01FXA0Q,RC no needed,RC no needed
01GDGUK,RC no needed,RC no needed
01FUU9A,Updated RC,RC no needed
01GCGLY,RC no needed,RC no needed
01GDD27,RC no needed,RC no needed
01GDEQ2,RC no needed,RC no needed
01GDH58,RC no needed,RC no needed
01FXA23,Updated RC,RC no needed
01GDHDA,RC no needed,RC no needed
01GDE5P,RC no needed,RC no needed
01G46A0,RC no needed,RC no needed
01GE17W,RC no needed,RC no needed
01GD4CH,RC no needed,RC no needed
01GE13C,RC no needed,RC no needed
01GE17L,RC no needed,RC no needed
01GDLW5,RC no needed,RC no needed
01G4291,Updated RC,RC no needed
01FXNEJ,RC no needed,RC no needed
01G45WJ,RC no needed,RC no needed
01GD810,RC no needed,RC no needed
01FUP33,RC no needed,Updated RC
01GD2MJ,RC no needed,RC no needed
01GCYDU,RC no needed,RC no needed
01G9X4P,RC no needed,RC no needed
01GF9T1,RC no needed,RC no needed
01FUL78,RC no needed,RC no needed
01G5JEY,RC no needed,RC no needed
01FK96Y,RC no needed,RC no needed
01FNP27,RC no needed,RC no needed
01G5TTY,RC no needed,RC no needed
01FMGFK,Updated RC,Updated RC
01GEV9A,RC no needed,RC no needed
01FNK31,RC no needed,RC no needed
01GAUR2,RC no needed,RC no needed
01FMF8H,Updated RC,Updated RC
01FQF56,Updated RC,RC no needed
01GC92M,RC no needed,RC no needed
01FM0N6,Updated RC,RC no needed
01GEDW4,RC no needed,RC no needed
01GAU4A,RC no needed,RC no needed
01FMCC5,RC no needed,RC no needed
01FMGFM,Updated RC,Updated RC
01FPX6J,RC no needed,RC no needed
01GEFYK,RC no needed,RC no needed
01FN0P7,RC no needed,RC no needed
01FU2XV,Updated RC,Updated RC
01G3W7P,RC no needed,RC no needed
01G9QQM,RC no needed,RC no needed
01GEKRK,RC no needed,RC no needed
01FU5XJ,RC no needed,RC no needed
01FU0RX,RC no needed,RC no needed
01FMHJQ,RC no needed,RC no needed
01GLCKJ,RC no needed,RC no needed
01FNWDA,Updated RC,Updated RC
01FLUGC,RC no needed,RC no needed
01GEQA4,RC no needed,RC no needed
01GL912,RC no needed,RC no needed
01GET00,RC no needed,RC no needed
01GLCJF,RC no needed,RC no needed
01G5UV6,RC no needed,RC no needed
01G4GG3,RC no needed,RC no needed
01FNJWN,RC no needed,RC no needed
01FU65L,RC no needed,RC no needed
01G5737,Updated RC,Updated RC
01G56HH,RC no needed,RC no needed
01GEFYA,RC no needed,RC no needed
01FQDKT,RC no needed,Updated RC
01FLURG,RC no needed,RC no needed
01FNP5Y,RC no needed,Updated RC
01FMGHH,Updated RC,RC no needed
01GCPNC,RC no needed,RC no needed
01GE7GG,RC no needed,RC no needed
01G4DDP,Updated RC,RC no needed
01FNX3Y,RC no needed,RC no needed
01FPX48,RC no needed,RC no needed
01FMJFW,RC no needed,RC no needed
01GEMA7,RC no needed,RC no needed
01FNKLG,RC no needed,RC no needed
01GEMA9,RC no needed,RC no needed
01GF84N,RC no needed,RC no needed
01GEMCP,RC no needed,RC no needed
01G4D2M,Updated RC,Updated RC
01GEM6G,RC no needed,RC no needed
01GEG2E,RC no needed,Updated RC
01FN0LH,RC no needed,RC no needed
01G9TKQ,RC no needed,RC no needed
01G5TP1,RC no needed,RC no needed
01G5V2X,RC no needed,RC no needed
01FQ5PP,Updated RC,RC no needed
01FN0M9,RC no needed,RC no needed
01FU5XX,RC no needed,RC no needed
01G5R76,Updated RC,Updated RC
01FQEV3,Updated RC,Updated RC
01GCP0H,RC no needed,RC no needed
01GEKH5,RC no needed,RC no needed
01GEV9E,RC no needed,RC no needed
01FMHC2,RC no needed,Updated RC
01GEPCF,RC no needed,RC no needed
01GEV5G,RC no needed,RC no needed
01FK959,RC no needed,RC no needed
01FV7H7,RC no needed,RC no needed
01GEV94,Updated RC,RC no needed
01GET0C,RC no needed,RC no needed
01GERTG,RC no needed,RC no needed
01FNP1X,RC no needed,RC no needed
01G3WMU,RC no needed,RC no needed
01FU5XL,RC no needed,Updated RC
01GEH9T,RC no needed,RC no needed
01G3WFK,RC no needed,RC no needed
01FPX6H,RC no needed,RC no needed
01G9TFF,RC no needed,RC no needed
01GEHA9,RC no needed,RC no needed
01G3WXL,Updated RC,RC no needed
01FU286,RC no needed,RC no needed
01GEPC7,RC no needed,RC no needed
01GCP9K,RC no needed,RC no needed
01G4JYM,RC no needed,RC no needed
01GFA3H,RC no needed,RC no needed
01FM3KX,Updated RC,RC no needed
01FMC10,RC no needed,Updated RC
01GFA7Q,RC no needed,RC no needed
01FV5YM,Updated RC,Updated RC
01FLYMN,RC no needed,RC no needed
01GCPAK,RC no needed,RC no needed
01G4H07,RC no needed,RC no needed
01G5NHU,RC no needed,Updated RC
01FV497,RC no needed,RC no needed
01G4D9R,RC no needed,RC no needed
01G5NHN,RC no needed,RC no needed
01GAXL7,RC no needed,RC no needed
01FLYMR,Updated RC,Updated RC
01GC0D6,RC no needed,RC no needed
01FPX39,RC no needed,RC no needed
01GFD9T,RC no needed,Updated RC
01G5NHQ,RC no needed,Updated RC
01GEQKC,RC no needed,RC no needed
01G5NHL,RC no needed,RC no needed
01FLYM1,RC no needed,RC no needed
01FNUL2,Updated RC,RC no needed
01G9U9E,RC no needed,RC no needed
01FV5TX,RC no needed,RC no needed
01GFA64,RC no needed,RC no needed
01FPX6F,RC no needed,RC no needed
01GEP5V,RC no needed,RC no needed
01G4K28,RC no needed,RC no needed
01FV481,Updated RC,RC no needed
01FNUYH,RC no needed,Updated RC
01FPY21,RC no needed,RC no needed
01GF65J,RC no needed,RC no needed
01GF62X,RC no needed,RC no needed
01FNKLD,RC no needed,RC no needed
01GF9W9,RC no needed,Updated RC
01GE7GV,RC no needed,RC no needed
01FKJ13,RC no needed,Updated RC
01G5HJV,RC no needed,RC no needed
01GEP1F,RC no needed,RC no needed
01FMAU4,RC no needed,Updated RC
01FMYWD,RC no needed,RC no needed
01FQ36N,Updated RC,Updated RC
01FMATR,RC no needed,RC no needed
01G9TPQ,RC no needed,RC no needed
01GF9XR,RC no needed,RC no needed
01FNUPP,RC no needed,RC no needed
01GFCRG,RC no needed,RC no needed
01G40KC,RC no needed,RC no needed
01GE7GQ,RC no needed,RC no needed
01FJY2Q,RC no needed,RC no needed
01GC0CG,RC no needed,RC no needed
01FTU0V,RC no needed,RC no needed
01GF6KK,RC no needed,RC no needed
01G3WTX,RC no needed,RC no needed
01FML62,RC no needed,RC no needed
01G3WV2,RC no needed,RC no needed
01FXJ8A,RC no needed,Updated RC
01FXY0E,RC no needed,RC no needed
01FPX5A,RC no needed,RC no needed
01FML69,RC no needed,RC no needed
01G9UAX,RC no needed,RC no needed
01FN1NC,Updated RC,RC no needed
01FJY0U,RC no needed,Updated RC
01GEP1A,RC no needed,RC no needed
01FML6N,RC no needed,RC no needed
01GC7UW,RC no needed,RC no needed
01G49TU,RC no needed,RC no needed
01FV3U3,RC no needed,RC no needed
01FJY0Y,RC no needed,RC no needed
01GET9H,RC no needed,RC no needed
01G3WWE,RC no needed,RC no needed
01G9Q67,RC no needed,RC no needed
01G3WQW,RC no needed,RC no needed
01GCPNE,RC no needed,RC no needed
01GEPCH,RC no needed,RC no needed
01FQGFA,RC no needed,RC no needed
01FPR4L,Updated RC,Updated RC
01G5R7A,Updated RC,RC no needed
01G4GL6,RC no needed,RC no needed
01FPW8U,RC no needed,RC no needed
01FNY48,RC no needed,RC no needed
01FMAN5,Updated RC,Updated RC
01FQ1TE,RC no needed,RC no needed
01GEYVV,RC no needed,RC no needed
01FQ1TH,RC no needed,RC no needed
01FU61H,RC no needed,RC no needed
01GEM6K,Updated RC,RC no needed
01FLWNP,RC no needed,Updated RC
01GCNT0,RC no needed,RC no needed
01G4K26,RC no needed,RC no needed
01FUXH4,Updated RC,RC no needed
01FU137,RC no needed,Updated RC
01FXY20,Updated RC,Updated RC
01FXY1M,RC no needed,Updated RC
01GET2N,RC no needed,RC no needed
01G3WX6,RC no needed,RC no needed
01GLAM7,RC no needed,RC no needed
01GEA8G,RC no needed,RC no needed
01FXXXP,RC no needed,RC no needed
01FV5T2,RC no needed,RC no needed
01G5Q7H,RC no needed,RC no needed
01GFA7X,RC no needed,RC no needed
01GEP18,RC no needed,RC no needed
01G5R70,RC no needed,RC no needed
01GAXK9,RC no needed,RC no needed
01GEG39,RC no needed,RC no needed
01G5GFA,RC no needed,RC no needed
01GFF71,RC no needed,RC no needed
01GFF4X,RC no needed,RC no needed
01GC7UH,RC no needed,RC no needed
01GL8KW,RC no needed,RC no needed
01GEYUH,RC no needed,RC no needed
01FNUY8,RC no needed,RC no needed
01FXJJC,RC no needed,RC no needed
01G7M06,RC no needed,RC no needed
01GJ9F1,RC no needed,RC no needed
01GJ9EU,RC no needed,RC no needed
01GAQ99,RC no needed,RC no needed
01G69HC,RC no needed,RC no needed
01G2WX7,RC no needed,Updated RC
01FRE8H,RC no needed,RC no needed
01G2WVK,RC no needed,Updated RC
01G1CWW,RC no needed,RC no needed
01G1CU1,RC no needed,RC no needed
01G773K,RC no needed,RC no needed
01G1750,RC no needed,RC no needed
01G1CV2,RC no needed,RC no needed
01G2W3Y,RC no needed,RC no needed
01G2WWW,Updated RC,RC no needed
01FYJR5,Updated RC,RC no needed
01FRE7V,RC no needed,Updated RC
01GAN6A,RC no needed,RC no needed
01G2WFK,Updated RC,RC no needed
01FRCJL,Updated RC,RC no needed
01G5X3K,RC no needed,RC no needed
01G2CAP,RC no needed,RC no needed
01G74W5,Updated RC,Updated RC
01FRCEV,RC no needed,RC no needed
01FRCGF,Updated RC,RC no needed
01G6K0E,RC no needed,RC no needed
01G5AU3,RC no needed,RC no needed
01G5ARJ,RC no needed,RC no needed
01FV9XT,Updated RC,RC no needed
01GJCV5,RC no needed,RC no needed
01GJCV3,RC no needed,RC no needed
01FYJHE,Updated RC,RC no needed
01G174Y,RC no needed,RC no needed
01FV9W3,RC no needed,Updated RC
01FX5LK,RC no needed,Updated RC
01G0F65,RC no needed,RC no needed
01FUXW9,Updated RC,RC no needed
01G17UK,RC no needed,RC no needed
01FX5JY,RC no needed,Updated RC
01FWGUA,Updated RC,RC no needed
01G18JL,RC no needed,Updated RC
01GCG3T,RC no needed,RC no needed
01GK5HK,RC no needed,RC no needed
01GAH46,RC no needed,RC no needed
01GAH55,RC no needed,Updated RC
01GHUCJ,RC no needed,RC no needed
01G0FDN,RC no needed,RC no needed
01GK5NY,RC no needed,RC no needed
01FX5L7,RC no needed,Updated RC
01GK5NR,RC no needed,RC no needed
01GCG2X,RC no needed,RC no needed
01GAH4U,RC no needed,RC no needed
01G5W0X,RC no needed,RC no needed
01GAQ9G,RC no needed,RC no needed
01G7T45,RC no needed,RC no needed
01G1CWQ,RC no needed,RC no needed
01G337U,Updated RC,Updated RC
01GHXDK,RC no needed,RC no needed
01G1AWM,Updated RC,Updated RC
01GAQ9J,RC no needed,RC no needed
01GHXJ4,RC no needed,RC no needed
01FV9QY,RC no needed,RC no needed
01FKRY2,RC no needed,Updated RC
01G17Y4,RC no needed,RC no needed
01G6736,RC no needed,RC no needed
01GK5MF,RC no needed,RC no needed
01G18HY,RC no needed,RC no needed
01G1828,RC no needed,RC no needed
01G2U7V,RC no needed,RC no needed
01FWP0G,Updated RC,RC no needed
01G2KGL,Updated RC,Updated RC
01G2HKA,RC no needed,RC no needed
01G2FMQ,RC no needed,RC no needed
01GCUCV,RC no needed,RC no needed
01G2KH0,RC no needed,RC no needed
01G2KGC,Updated RC,Updated RC
01G2VVF,RC no needed,RC no needed
01G6K9V,RC no needed,RC no needed
01FWP08,Updated RC,RC no needed
01G1811,RC no needed,RC no needed
01FX7MJ,RC no needed,Updated RC
01G06KG,RC no needed,RC no needed
01FUQE2,RC no needed,RC no needed
01GKXN0,RC no needed,RC no needed
01FRGN8,RC no needed,RC no needed
01G2AVR,RC no needed,RC no needed
01G2KFG,RC no needed,RC no needed
01GAE31,RC no needed,RC no needed
01GAE5R,RC no needed,RC no needed
01G6N86,RC no needed,RC no needed
01GJ8RM,RC no needed,RC no needed
01G6UR3,RC no needed,RC no needed
01G2CXR,RC no needed,RC no needed
01FUQN4,Updated RC,Updated RC
01G2CVA,RC no needed,Updated RC
01G2918,RC no needed,Updated RC
01FWWNQ,RC no needed,RC no needed
01FWWTW,RC no needed,RC no needed
01GHUF1,RC no needed,RC no needed
01GA5QX,Updated RC,Updated RC
01GHVLT,RC no needed,RC no needed
01FWWMG,RC no needed,Updated RC
01FXGET,RC no needed,RC no needed
01FYQKL,Updated RC,RC no needed
01FYQKC,Updated RC,Updated RC
01GJCAK,RC no needed,RC no needed
01G06K4,RC no needed,RC no needed
01FX33U,RC no needed,RC no needed
01G2H79,RC no needed,RC no needed
01FXG7L,Updated RC,Updated RC
01FWNTH,RC no needed,RC no needed
01G2HL1,RC no needed,RC no needed
01FYQP4,RC no needed,RC no needed
01GJC7L,RC no needed,RC no needed
01FYQNT,Updated RC,RC no needed
01GJC88,RC no needed,RC no needed
01GJC71,RC no needed,RC no needed
01G14EJ,Updated RC,Updated RC
01G3A98,RC no needed,RC no needed
01FWP4V,RC no needed,RC no needed
01G6KJ2,RC no needed,RC no needed
01GJCAG,RC no needed,RC no needed
01G29TY,RC no needed,RC no needed
01G2TQ4,RC no needed,Updated RC
01G293Q,RC no needed,RC no needed
01G69VJ,RC no needed,RC no needed
01G274H,RC no needed,RC no needed
01G69VH,RC no needed,RC no needed
01G672Y,RC no needed,RC no needed
01G2KL8,RC no needed,RC no needed
01G2W98,Updated RC,Updated RC
01G2CME,RC no needed,RC no needed
01GALVL,RC no needed,RC no needed
01G14AQ,RC no needed,Updated RC
01G2CM6,RC no needed,RC no needed
01GDNE2,RC no needed,RC no needed
01FYQG8,RC no needed,RC no needed
01FWP4Y,RC no needed,RC no needed
01GJWW9,RC no needed,RC no needed
01GEQ9J,RC no needed,RC no needed
01FMCCW,RC no needed,RC no needed
01G70VJ,Updated RC,Updated RC
01FMJG2,RC no needed,RC no needed
01FQCKK,RC no needed,RC no needed
01G7EY4,RC no needed,Updated RC
01FTU0U,RC no needed,RC no needed
01FMDXQ,RC no needed,Updated RC
01G7CHC,RC no needed,RC no needed
01G0DTH,RC no needed,RC no needed
01GDJGM,RC no needed,RC no needed
01G7VNU,RC no needed,Updated RC
01G70V6,RC no needed,RC no needed
01GE7QE,RC no needed,RC no needed
01G5V62,RC no needed,RC no needed
01GJF1F,RC no needed,RC no needed
01G0W8Q,RC no needed,RC no needed
01GK43H,RC no needed,RC no needed
01FJU9E,RC no needed,RC no needed
01GJWT3,RC no needed,RC no needed
01G7XCL,RC no needed,RC no needed
01FWCH4,RC no needed,RC no needed
01GJ373,RC no needed,RC no needed
01FJUDE,RC no needed,RC no needed
01G7V98,RC no needed,RC no needed
01G70TU,Updated RC,RC no needed
01G7V9J,RC no needed,RC no needed
01FWCH5,RC no needed,RC no needed
01GJ026,RC no needed,RC no needed
01G7EVK,RC no needed,RC no needed
01G7VA0,RC no needed,RC no needed
01FWCH2,RC no needed,RC no needed
01GJEGM,RC no needed,RC no needed
01G7LJX,RC no needed,RC no needed
01GKE51,RC no needed,RC no needed
01G0DW3,RC no needed,RC no needed
01G1VAC,RC no needed,RC no needed
01G77AK,RC no needed,RC no needed
01FQVH6,Updated RC,Updated RC
01FKTER,Updated RC,RC no needed
01GJKLN,RC no needed,RC no needed
01G7LKA,RC no needed,RC no needed
01FL5F8,RC no needed,Updated RC
01GJFU8,RC no needed,RC no needed
01FKVAT,RC no needed,RC no needed
01FWCH3,RC no needed,RC no needed
01FRC7X,RC no needed,RC no needed
01FKVDA,RC no needed,RC no needed
01G8VPN,RC no needed,RC no needed
01G79LL,RC no needed,RC no needed
01FRAQA,Updated RC,Updated RC
01FRCD1,RC no needed,RC no needed
01G79KE,RC no needed,RC no needed
01G70VH,RC no needed,RC no needed
01G7C6X,RC no needed,RC no needed
01GCC12,RC no needed,RC no needed
01G9JD2,RC no needed,RC no needed
01FJU83,RC no needed,RC no needed
01FRCE6,RC no needed,RC no needed
01FRC5D,RC no needed,Updated RC
01FU06W,Updated RC,Updated RC
01G79UP,RC no needed,RC no needed
01FL579,Updated RC,RC no needed
01GALQ0,RC no needed,RC no needed
01GHYP6,RC no needed,RC no needed
01GALL8,RC no needed,RC no needed
01FWGLK,Updated RC,Updated RC
01G0R8A,Updated RC,Updated RC
01G66W1,RC no needed,RC no needed
01GJ05T,RC no needed,Updated RC
01GJ37N,RC no needed,Updated RC
01GJ37Q,RC no needed,RC no needed
01GK7Q3,RC no needed,RC no needed
01GJ049,RC no needed,Updated RC
01GJ058,RC no needed,RC no needed
01G7LWP,Updated RC,RC no needed
01GJ326,RC no needed,RC no needed
01GJ056,RC no needed,RC no needed
01FRJPJ,RC no needed,RC no needed
01GJ00W,RC no needed,RC no needed
01G983E,RC no needed,RC no needed
01GHUEA,RC no needed,RC no needed
01G0R7J,RC no needed,RC no needed
01GK6U7,RC no needed,Updated RC
01GK5QK,RC no needed,RC no needed
01GAHJ4,RC no needed,RC no needed
01G672L,RC no needed,RC no needed
01GHVL1,RC no needed,RC no needed
01G0R7K,RC no needed,RC no needed
01G65TK,RC no needed,RC no needed
01G0R7L,RC no needed,RC no needed
01G0P2T,Updated RC,Updated RC
01GHYP3,RC no needed,RC no needed
01G0P4L,RC no needed,RC no needed
01GJ1L1,RC no needed,RC no needed
01GHVYP,RC no needed,RC no needed
01G0GWX,RC no needed,Updated RC
01GJNMR,RC no needed,RC no needed
01G6XXR,RC no needed,RC no needed
01GCM1Q,RC no needed,RC no needed
01GJT33,RC no needed,RC no needed
01GJM5M,RC no needed,RC no needed
01GJX3G,RC no needed,RC no needed
01FVCKP,Updated RC,Updated RC
01GJQMV,RC no needed,RC no needed
01GJRUT,RC no needed,RC no needed
01GCC0Y,RC no needed,RC no needed
01GJMAU,RC no needed,Updated RC
01G0VNK,RC no needed,RC no needed
01G5GAN,RC no needed,RC no needed
01GJQMW,RC no needed,RC no needed
01FQHFQ,RC no needed,RC no needed
01GJQ8E,RC no needed,Updated RC
01GK216,RC no needed,RC no needed
01G0P3D,Updated RC,Updated RC
01GJ047,RC no needed,Updated RC
01GK204,RC no needed,RC no needed
01G0FDY,RC no needed,RC no needed
01G0VVM,RC no needed,RC no needed
01GJQP4,RC no needed,RC no needed
01GK03U,RC no needed,RC no needed
01GJRUL,RC no needed,RC no needed
01FVCLG,Updated RC,Updated RC
01FQVHP,RC no needed,RC no needed
01FVCNE,RC no needed,RC no needed
01GK222,RC no needed,RC no needed
01GHXHR,RC no needed,RC no needed
01FX2Y5,RC no needed,RC no needed
01GKU3A,RC no needed,RC no needed
01GKTLY,RC no needed,RC no needed
01FVYYP,RC no needed,RC no needed
01GA0UQ,RC no needed,RC no needed
01FQHRY,RC no needed,RC no needed
01G3EGP,RC no needed,RC no needed
01G6U6D,RC no needed,RC no needed
01G3ENL,RC no needed,Updated RC
01GKU3J,RC no needed,RC no needed
01FQTLE,Updated RC,Updated RC
01G9504,RC no needed,RC no needed
01G8TM7,RC no needed,RC no needed
01GKE1C,RC no needed,RC no needed
01GKTU8,RC no needed,RC no needed
01GA9LJ,RC no needed,RC no needed
01G3JDA,Updated RC,Updated RC
01G8RFQ,RC no needed,RC no needed
01G6LMX,RC no needed,RC no needed
01G3HKN,RC no needed,Updated RC
01G3J2T,Updated RC,Updated RC
01GKUHM,RC no needed,RC no needed
01GCUJ2,RC no needed,Updated RC
01G3N8Y,RC no needed,RC no needed
01G3T5X,RC no needed,RC no needed
01FUYWQ,RC no needed,RC no needed
01GKGTA,RC no needed,RC no needed
01G3HLT,RC no needed,RC no needed
01GKTJ6,RC no needed,RC no needed
01G6U99,RC no needed,RC no needed
01FWVDU,Updated RC,Updated RC
01G3JD8,Updated RC,Updated RC
01FVEHK,RC no needed,Updated RC
01FUQJ0,RC no needed,RC no needed
01FVE7M,RC no needed,Updated RC
01G38T1,RC no needed,RC no needed
01G2P4R,RC no needed,RC no needed
01G2EF2,RC no needed,RC no needed
01G2EG4,Updated RC,Updated RC
01FP58L,RC no needed,RC no needed
01G6UF5,RC no needed,RC no needed
01G6UAQ,RC no needed,RC no needed
01G38Y7,Updated RC,Updated RC
01GA5U2,RC no needed,RC no needed
01FYN0N,RC no needed,RC no needed
01G6LU8,RC no needed,RC no needed
01G3L60,RC no needed,RC no needed
01G6N8L,RC no needed,RC no needed
01GCU3V,RC no needed,RC no needed
01FVG32,RC no needed,RC no needed
01FXGG9,RC no needed,RC no needed
01G3CVJ,RC no needed,RC no needed
01FREQN,RC no needed,Updated RC
01GKN21,RC no needed,RC no needed
01GAA0N,RC no needed,RC no needed
01G2116,Updated RC,Updated RC
01GKN1Y,RC no needed,Updated RC
01FQTN3,RC no needed,RC no needed
01G3C9M,RC no needed,RC no needed
01FL76D,Updated RC,RC no needed
01FWV92,RC no needed,RC no needed
01G8VQ5,RC no needed,RC no needed
01FVEFJ,RC no needed,Updated RC
01GC6RT,RC no needed,RC no needed
01FX10R,RC no needed,RC no needed
01G2EGG,Updated RC,Updated RC
01FUQKL,RC no needed,RC no needed
01G2EH1,Updated RC,Updated RC
01FUQHX,RC no needed,RC no needed
01FYN0G,RC no needed,RC no needed
01G6W0V,RC no needed,RC no needed
01GAFH8,RC no needed,RC no needed
01G6MQ0,RC no needed,RC no needed
01GA55R,RC no needed,RC no needed
01FQT5D,RC no needed,RC no needed
01GKJ78,RC no needed,RC no needed
01G36EM,Updated RC,Updated RC
01G6W37,RC no needed,Updated RC
01FX1C2,RC no needed,Updated RC
01G6W0Y,RC no needed,RC no needed
01FYQK9,Updated RC,RC no needed
01FUYRR,RC no needed,RC no needed
01G36FV,Updated RC,Updated RC
01GC6ML,RC no needed,RC no needed
01FWU28,Updated RC,RC no needed
01G36DX,RC no needed,RC no needed
01G36DV,RC no needed,RC no needed
01G37QV,Updated RC,Updated RC
01G33NL,RC no needed,Updated RC
01G61UR,RC no needed,RC no needed
01GA2A6,RC no needed,RC no needed
01G6XKK,RC no needed,RC no needed
01GA0UP,RC no needed,RC no needed
01G38RV,RC no needed,RC no needed
01FUTN6,RC no needed,RC no needed
01GKQPM,RC no needed,RC no needed
01G61Y6,RC no needed,RC no needed
01FVEGA,RC no needed,RC no needed
01G6LFW,RC no needed,RC no needed
01G3T4H,RC no needed,RC no needed
01G3T4G,Updated RC,Updated RC
01G3T4L,RC no needed,RC no needed
01G3A3W,Updated RC,Updated RC
01G3HL0,RC no needed,RC no needed
01FQL3R,RC no needed,RC no needed
01FX2HR,RC no needed,Updated RC
01G3CKN,RC no needed,Updated RC
01G38R5,RC no needed,RC no needed
01G38RG,RC no needed,Updated RC
01FX2XA,RC no needed,Updated RC
01GA4T7,RC no needed,RC no needed
01GKEQ1,RC no needed,RC no needed
01G3MGL,RC no needed,Updated RC
01G38XK,Updated RC,Updated RC
01FQT7P,RC no needed,RC no needed
01FY4MQ,RC no needed,RC no needed
01FWTQP,Updated RC,RC no needed
01GC6KT,RC no needed,RC no needed
01GA452,RC no needed,RC no needed
01G6XKE,RC no needed,RC no needed
01G3Q67,RC no needed,Updated RC
01G3Q77,RC no needed,Updated RC
01G08CQ,RC no needed,RC no needed
01GHDNV,RC no needed,RC no needed
01FTN48,RC no needed,Updated RC
01FV03H,RC no needed,Updated RC
01GHDFR,RC no needed,RC no needed
01FTM5H,RC no needed,Updated RC
01FTLXG,Updated RC,RC no needed
01GHDDD,RC no needed,RC no needed
01GG97K,RC no needed,RC no needed
01GH9UH,RC no needed,RC no needed
01FN4E6,RC no needed,Updated RC
01GG0E2,RC no needed,RC no needed
01GFFJP,RC no needed,RC no needed
01FTLPP,RC no needed,RC no needed
01GHDA4,RC no needed,Updated RC
01GFXWY,RC no needed,RC no needed
01FN4F0,RC no needed,RC no needed
01G1L3V,RC no needed,RC no needed
01GFYAR,RC no needed,RC no needed
01FPG5E,RC no needed,RC no needed
01FPG5A,RC no needed,RC no needed
01GHDFW,RC no needed,RC no needed
01GHDDJ,RC no needed,RC no needed
01GHD8L,RC no needed,RC no needed
01GG9E1,RC no needed,RC no needed
01GFXVT,RC no needed,RC no needed
01GHDCN,RC no needed,RC no needed
01GG98C,RC no needed,RC no needed
01FW3PW,Updated RC,RC no needed
01GG4V1,RC no needed,RC no needed
01G233D,Updated RC,Updated RC
01GG9F4,RC no needed,RC no needed
01GG9DN,RC no needed,Updated RC
01GHDDM,RC no needed,Updated RC
01GC0XR,RC no needed,RC no needed
01FP5AX,RC no needed,RC no needed
01G9GQJ,RC no needed,RC no needed
01FUHGE,Updated RC,RC no needed
01G4P96,RC no needed,RC no needed
01G22LP,RC no needed,RC no needed
01FRT4W,Updated RC,Updated RC
01G4P8A,RC no needed,RC no needed
01GCJ3P,RC no needed,RC no needed
01G4P9U,RC no needed,RC no needed
01GH9G8,RC no needed,RC no needed
01G5E0C,RC no needed,RC no needed
01G1ECQ,Updated RC,Updated RC
01GHLHD,RC no needed,RC no needed
01GHRV9,RC no needed,RC no needed
01FUA58,Updated RC,RC no needed
01GCGGL,RC no needed,RC no needed
01GH9FY,RC no needed,RC no needed
01FRRMW,RC no needed,RC no needed
01GHRV1,RC no needed,RC no needed
01G548R,Updated RC,RC no needed
01GHAUQ,RC no needed,RC no needed
01GHQ8V,RC no needed,RC no needed
01FRUPP,RC no needed,Updated RC
01GHN2U,RC no needed,RC no needed
01GHQ9U,RC no needed,RC no needed
01GFR15,RC no needed,RC no needed
01FXUQ8,Updated RC,Updated RC
01FKEMQ,RC no needed,RC no needed
01GFRV7,RC no needed,Updated RC
01G22HL,RC no needed,RC no needed
01FKT1U,RC no needed,RC no needed
01G4PA5,RC no needed,RC no needed
01GFXXN,RC no needed,RC no needed
01FTNGL,RC no needed,Updated RC
01GHEMF,RC no needed,RC no needed
01G9GFA,RC no needed,RC no needed
01GFRU4,RC no needed,RC no needed
01GFLCY,RC no needed,RC no needed
01GFHA8,RC no needed,RC no needed
01GFN75,RC no needed,RC no needed
01G4P89,Updated RC,Updated RC
01GFLC2,RC no needed,RC no needed
01GFFLJ,RC no needed,RC no needed
01GFHLW,RC no needed,RC no needed
01GFHLQ,RC no needed,RC no needed
01GHQ8D,RC no needed,RC no needed
01G9A90,RC no needed,RC no needed
01GHN5Y,RC no needed,RC no needed
01FW45X,RC no needed,RC no needed
01GFHAP,RC no needed,RC no needed
01G1EAC,Updated RC,Updated RC
01GFFJX,RC no needed,RC no needed
01GHT00,RC no needed,RC no needed
01GFN7T,RC no needed,RC no needed
01GHN53,RC no needed,RC no needed
01GFFLP,RC no needed,RC no needed
01GHN4R,RC no needed,RC no needed
01G22FL,RC no needed,RC no needed
01FK4P0,Updated RC,Updated RC
01GHDNT,RC no needed,RC no needed
01FXUEX,RC no needed,RC no needed
01GFYAU,RC no needed,RC no needed
01FTN3Y,RC no needed,RC no needed
01FRX5R,RC no needed,RC no needed
01GFP97,RC no needed,RC no needed
01G1ECN,RC no needed,RC no needed
01G9GG4,RC no needed,RC no needed
01GH2N5,RC no needed,Updated RC
01FK7G7,RC no needed,Updated RC
01G50KR,RC no needed,Updated RC
01FK7JM,RC no needed,RC no needed
01FXJFW,Updated RC,RC no needed
01GH2K9,RC no needed,RC no needed
01GDTKE,RC no needed,RC no needed
01FXHFT,RC no needed,RC no needed
01GDQXW,RC no needed,RC no needed
01GC2UT,RC no needed,RC no needed
01G1MEG,RC no needed,RC no needed
01FQ7FV,RC no needed,RC no needed
01G9WC6,RC no needed,RC no needed
01G58YT,RC no needed,RC no needed
01G1ME0,Updated RC,Updated RC
01G507U,RC no needed,RC no needed
01GGXAL,RC no needed,RC no needed
01GGXC9,RC no needed,RC no needed
01G2HPY,Updated RC,RC no needed
01G1UTW,RC no needed,RC no needed
01FT1AT,RC no needed,RC no needed
01GH05X,RC no needed,Updated RC
01GH3X6,RC no needed,RC no needed
01GGXAG,RC no needed,Updated RC
01G0XYG,RC no needed,RC no needed
01G1UF2,RC no needed,RC no needed
01GH2FJ,RC no needed,RC no needed
01GGYYM,RC no needed,RC no needed
01GH2GU,RC no needed,RC no needed
01G79UX,RC no needed,RC no needed
01GH2KC,RC no needed,RC no needed
01GGM43,RC no needed,RC no needed
01GH2QA,Updated RC,RC no needed
01GDR6U,RC no needed,RC no needed
01G432N,RC no needed,RC no needed
01GE0UY,RC no needed,Updated RC
01G50JX,RC no needed,RC no needed
01GDN9P,RC no needed,RC no needed
01FUA53,Updated RC,Updated RC
01GF2T8,RC no needed,RC no needed
01G509W,RC no needed,RC no needed
01GDVU0,RC no needed,RC no needed
01FU9W3,Updated RC,Updated RC
01G50F9,Updated RC,RC no needed
01FK2DC,RC no needed,RC no needed
01G9VNC,RC no needed,RC no needed
01GDN98,RC no needed,RC no needed
01GDNDY,RC no needed,RC no needed
01G58WD,RC no needed,RC no needed
01GDN9W,RC no needed,RC no needed
01FT6M6,RC no needed,RC no needed
01G433H,RC no needed,RC no needed
01GH7PJ,RC no needed,RC no needed
01G1UFD,Updated RC,RC no needed
01FQ7GQ,RC no needed,RC no needed
01FQ7HA,RC no needed,RC no needed
01GDJE4,RC no needed,Updated RC
01FVLDK,Updated RC,Updated RC
01G1UFM,RC no needed,RC no needed
01GH7XM,RC no needed,RC no needed
01G1UFU,Updated RC,Updated RC
01G4WLF,RC no needed,RC no needed
01G50RM,Updated RC,RC no needed
01GDJFG,RC no needed,RC no needed
01GDJND,RC no needed,RC no needed
01FQ7G5,RC no needed,RC no needed
01FUA80,RC no needed,RC no needed
01FQ7FM,RC no needed,RC no needed
01G1QJD,RC no needed,RC no needed
01G1HXN,Updated RC,Updated RC
01GGNN5,RC no needed,RC no needed
01GGVTR,RC no needed,RC no needed
01GGNYQ,RC no needed,RC no needed
01GHMPW,RC no needed,RC no needed
01GGTRN,RC no needed,RC no needed
01GGMJX,RC no needed,RC no needed
01GHMPY,RC no needed,RC no needed
01FV0V3,RC no needed,RC no needed
01FT7U1,RC no needed,Updated RC
01GGWT6,RC no needed,RC no needed
01GGVFX,RC no needed,RC no needed
01GGVFU,RC no needed,RC no needed
01FXJHU,RC no needed,Updated RC
01GGNUQ,RC no needed,RC no needed
01GGVDM,RC no needed,RC no needed
01FT81V,RC no needed,Updated RC
01GGNUJ,RC no needed,RC no needed
01GHJQE,RC no needed,RC no needed
01GDNK1,RC no needed,RC no needed
01G1E5F,Updated RC,RC no needed
01GDNJJ,RC no needed,RC no needed
01G9EGM,RC no needed,RC no needed
01G1E52,RC no needed,RC no needed
01FK7K5,RC no needed,RC no needed
01G5136,Updated RC,Updated RC
01G1E46,RC no needed,RC no needed
01FUA41,RC no needed,RC no needed
01FRPWW,RC no needed,RC no needed
01FRRN6,RC no needed,RC no needed
01G5139,Updated RC,Updated RC
01FXJJ2,Updated RC,RC no needed
01GAUAX,RC no needed,RC no needed
01FXM20,Updated RC,RC no needed
01GDNN4,RC no needed,RC no needed
01FK7JY,RC no needed,RC no needed
01G1TG4,RC no needed,RC no needed
01GH034,RC no needed,RC no needed
01GGYT5,RC no needed,RC no needed
01FV1K4,RC no needed,RC no needed
01GH3WT,RC no needed,RC no needed
01FPDUQ,RC no needed,Updated RC
01G1UFL,RC no needed,RC no needed
01G52JU,Updated RC,RC no needed
01FRPWV,Updated RC,RC no needed
01FT0AC,RC no needed,Updated RC
01FT18L,RC no needed,RC no needed
01GH030,RC no needed,RC no needed
01FT1LC,RC no needed,RC no needed
01G9WCW,RC no needed,RC no needed
01GDTRW,RC no needed,RC no needed
01GGL2C,RC no needed,RC no needed
01FT18Q,RC no needed,RC no needed
01GH02T,RC no needed,RC no needed
01GHK1P,Updated RC,Updated RC
01GHK1X,Updated RC,Updated RC
01GHJYH,RC no needed,RC no needed
01G50XF,RC no needed,RC no needed
01GGQ8L,RC no needed,RC no needed
01GHQFR,RC no needed,RC no needed
01GHRP2,RC no needed,RC no needed
01GGVTU,RC no needed,RC no needed
01FT73D,Updated RC,Updated RC
01GH2KF,RC no needed,RC no needed
01G1HUK,Updated RC,RC no needed
01G1TKT,RC no needed,RC no needed
01FT82T,Updated RC,RC no needed
01GHRVJ,RC no needed,RC no needed
01FT703,RC no needed,RC no needed
01GHJQ0,RC no needed,RC no needed
01FT738,Updated RC,Updated RC
01GHDM9,RC no needed,RC no needed
01G8RGH,RC no needed,RC no needed
01G0W8J,RC no needed,RC no needed
01G82N0,RC no needed,RC no needed
01G96MR,RC no needed,RC no needed
01GK99N,RC no needed,Updated RC
01FPQ7U,Updated RC,Updated RC
01GK99Q,RC no needed,Updated RC
01FR8JH,RC no needed,RC no needed
01FL9Y1,RC no needed,RC no needed
01G7JJN,Updated RC,Updated RC
01G96J1,RC no needed,RC no needed
01G9A4G,RC no needed,RC no needed
01G9858,RC no needed,RC no needed
01G1AM3,RC no needed,RC no needed
01FWKLA,RC no needed,RC no needed
01FL9XY,RC no needed,RC no needed
01G96K1,RC no needed,RC no needed
01GK9DQ,RC no needed,RC no needed
01G91XR,RC no needed,RC no needed
01FL9H1,RC no needed,RC no needed
01FVV51,RC no needed,RC no needed
01G96DT,RC no needed,RC no needed
01G96CU,RC no needed,RC no needed
01GMVYW,RC no needed,RC no needed
01FL9KG,RC no needed,RC no needed
01FWKPR,RC no needed,RC no needed
01FWKW7,RC no needed,RC no needed
01GK95G,RC no needed,Updated RC
01FX58C,RC no needed,RC no needed
01G952M,RC no needed,RC no needed
01G96DQ,Updated RC,RC no needed
01GK93H,RC no needed,RC no needed
01GK99E,RC no needed,Updated RC
01FP58T,RC no needed,Updated RC
01G91VE,RC no needed,RC no needed
01FYY4W,RC no needed,RC no needed
01FPLQG,RC no needed,Updated RC
01GK94T,RC no needed,Updated RC
01G8CEJ,RC no needed,RC no needed
01FL9L7,Updated RC,RC no needed
01GCMJP,RC no needed,RC no needed
01FPLPV,Updated RC,Updated RC
01FQY69,Updated RC,Updated RC
01FPLVE,Updated RC,Updated RC
01GC2NG,RC no needed,RC no needed
01GDN9T,RC no needed,RC no needed
01FPA0W,RC no needed,RC no needed
01G8P4U,RC no needed,RC no needed
01G8CDR,RC no needed,RC no needed
01FPLRM,RC no needed,RC no needed
01FPLXP,Updated RC,Updated RC
01G8CHV,RC no needed,RC no needed
01FPCHY,RC no needed,RC no needed
01FPA07,Updated RC,Updated RC
01G82MX,Updated RC,RC no needed
01G91U4,RC no needed,RC no needed
01FPQEG,Updated RC,Updated RC
01GK9QH,RC no needed,RC no needed
01GC2WG,RC no needed,RC no needed
01G82X2,RC no needed,Updated RC
01G1V9D,RC no needed,RC no needed
01G9367,RC no needed,RC no needed
01FP592,RC no needed,RC no needed
01FPQ96,Updated RC,Updated RC
01G8DAL,RC no needed,RC no needed
01G9374,RC no needed,RC no needed
01G9MPJ,RC no needed,RC no needed
01FYY4U,RC no needed,RC no needed
01FYXXQ,Updated RC,RC no needed
01FWAD1,RC no needed,RC no needed
01G5G2L,RC no needed,RC no needed
01G8CNW,RC no needed,RC no needed
01G9393,RC no needed,RC no needed
01G8YH4,RC no needed,RC no needed
01FPM0T,Updated RC,Updated RC
01FPQH6,RC no needed,Updated RC
01FPQH1,RC no needed,Updated RC
01G8CQ5,RC no needed,RC no needed
01FL9PE,RC no needed,RC no needed
01FW0A7,RC no needed,RC no needed
01FP55P,Updated RC,Updated RC
01G9H12,RC no needed,RC no needed
01G7LVM,Updated RC,Updated RC
01G8YH3,RC no needed,RC no needed
01G9H0H,RC no needed,RC no needed
01G8YQ0,RC no needed,RC no needed
01G7LVL,Updated RC,Updated RC
01FL7MN,RC no needed,Updated RC
01FPQH0,RC no needed,RC no needed
01GKERW,Updated RC,RC no needed
01GKCVW,RC no needed,RC no needed
01G0CAK,RC no needed,RC no needed
01GJL12,RC no needed,RC no needed
01GJ029,RC no needed,RC no needed
01GKC68,RC no needed,RC no needed
01FWJ5L,Updated RC,Updated RC
01FQVH8,Updated RC,Updated RC
01FL7AC,RC no needed,RC no needed
01G7M28,RC no needed,RC no needed
01FP55D,RC no needed,RC no needed
01G8VLR,RC no needed,RC no needed
01G8VL6,RC no needed,RC no needed
01FKT6G,Updated RC,RC no needed
01GCC0N,RC no needed,RC no needed
01FWJ4D,RC no needed,RC no needed
01FR9AC,RC no needed,RC no needed
01GHVX3,RC no needed,RC no needed
01G9H1W,RC no needed,RC no needed
01FR9A4,RC no needed,RC no needed
01G0C7M,RC no needed,RC no needed
01FKXTT,RC no needed,RC no needed
01GKCJA,RC no needed,Updated RC
01G0U4C,RC no needed,RC no needed
01FKXTN,Updated RC,Updated RC
01G2117,Updated RC,RC no needed
01FKXTD,Updated RC,Updated RC
01G8U2T,RC no needed,Updated RC
01FQV38,RC no needed,RC no needed
01GKCHT,RC no needed,Updated RC
01G7GA0,RC no needed,RC no needed
01FKXR9,RC no needed,RC no needed
01GKCJ5,RC no needed,Updated RC
01GCMJR,RC no needed,RC no needed
01FX58A,RC no needed,RC no needed
01G94YT,RC no needed,RC no needed
01G7K3M,RC no needed,RC no needed
01FKXT4,RC no needed,RC no needed
01G9J3A,RC no needed,RC no needed
01G8P3N,RC no needed,RC no needed
01FR9CE,RC no needed,RC no needed
01FL770,Updated RC,RC no needed
01FQWCC,RC no needed,Updated RC
01FQY1Y,RC no needed,RC no needed
01G8TM0,RC no needed,RC no needed
01G5G3Q,RC no needed,RC no needed
01FVYYL,RC no needed,RC no needed
01FWJ4C,RC no needed,RC no needed
01G8TNH,RC no needed,RC no needed
01G84HF,RC no needed,Updated RC
01FNAUT,RC no needed,Updated RC
01G5DJR,Updated RC,Updated RC
01FYUAL,RC no needed,RC no needed
01FTA16,RC no needed,RC no needed
01FQ78K,Updated RC,Updated RC
01GGH9D,Updated RC,Updated RC
01FMXXC,RC no needed,RC no needed
01FTA18,RC no needed,RC no needed
01FNC12,RC no needed,RC no needed
01GGE1W,RC no needed,RC no needed
01GG4FM,RC no needed,RC no needed
01FNG54,RC no needed,RC no needed
01GGE3K,RC no needed,RC no needed
01FMWEL,RC no needed,Updated RC
01FXJHV,Updated RC,Updated RC
01GGH9P,Updated RC,Updated RC
01G4M0P,Updated RC,RC no needed
01FMWF3,Updated RC,Updated RC
01FT9N8,RC no needed,RC no needed
01FTJ27,RC no needed,Updated RC
01FN99N,RC no needed,RC no needed
01GG3DV,RC no needed,Updated RC
01FTHWX,RC no needed,RC no needed
01GGH98,RC no needed,RC no needed
01G241M,RC no needed,RC no needed
01FN9C7,RC no needed,RC no needed
01FN996,RC no needed,RC no needed
01GDEFH,RC no needed,RC no needed
01FT9PW,RC no needed,RC no needed
01GD5X5,RC no needed,RC no needed
01G5JV8,RC no needed,RC no needed
01FN997,RC no needed,RC no needed
01FTA19,RC no needed,RC no needed
01GGH9A,RC no needed,RC no needed
01GE3EL,RC no needed,RC no needed
01FN9ER,RC no needed,Updated RC
01G244R,RC no needed,Updated RC
01FT9HA,RC no needed,RC no needed
01GFL79,RC no needed,RC no needed
01FTR5N,Updated RC,RC no needed
01G2553,RC no needed,RC no needed
01FNCA9,RC no needed,RC no needed
01FNFJ2,RC no needed,RC no needed
01FMW10,RC no needed,RC no needed
01GGFNJ,RC no needed,RC no needed
01FXUQ6,RC no needed,RC no needed
01FMW17,RC no needed,RC no needed
01FNCA7,RC no needed,RC no needed
01GFL7H,RC no needed,RC no needed
01GFPFT,RC no needed,RC no needed
01GFLAP,RC no needed,RC no needed
01GGE15,RC no needed,RC no needed
01GGC1G,RC no needed,RC no needed
01FYUAN,Updated RC,RC no needed
01GFKTX,RC no needed,RC no needed
01G9D23,RC no needed,RC no needed
01G5DMF,RC no needed,Updated RC
01G4LTQ,Updated RC,RC no needed
01GGH9T,RC no needed,Updated RC
01FT9L3,RC no needed,Updated RC
01G242Y,RC no needed,RC no needed
01GGFMK,RC no needed,RC no needed
01FYUAJ,RC no needed,RC no needed
01FT9NR,RC no needed,RC no needed
01FNCA5,RC no needed,RC no needed
01G255C,RC no needed,RC no needed
01FP7J1,Updated RC,Updated RC
01FTCC4,RC no needed,RC no needed
01G5DNL,Updated RC,Updated RC
01G9CPJ,RC no needed,RC no needed
01G9D6N,RC no needed,RC no needed
01G63YM,RC no needed,RC no needed
01FMW18,RC no needed,RC no needed
01FTCC6,RC no needed,RC no needed
01G9D3T,RC no needed,RC no needed
01FNDPE,RC no needed,RC no needed
01GG1VK,RC no needed,RC no needed
01G8GDD,RC no needed,RC no needed
01FW3Y9,RC no needed,RC no needed
01GG6PA,RC no needed,RC no needed
01GGC0P,RC no needed,RC no needed
01G9D6U,RC no needed,RC no needed
01GGC2C,RC no needed,RC no needed
01GGE8Y,RC no needed,RC no needed
01FYU37,RC no needed,RC no needed
01G8PEX,Updated RC,RC no needed
01FP74Y,RC no needed,RC no needed
01FT9FR,RC no needed,Updated RC
01G8P4E,RC no needed,RC no needed
01FP56V,RC no needed,RC no needed
01G8GD8,RC no needed,RC no needed
01FW5T1,RC no needed,RC no needed
01FT8K1,RC no needed,RC no needed
01G8PHL,Updated RC,Updated RC
01FMW4H,RC no needed,RC no needed
01G2330,Updated RC,RC no needed
01G8P5Q,RC no needed,RC no needed
01FTCAX,RC no needed,RC no needed
01G8P4G,RC no needed,RC no needed
01G8P5A,RC no needed,RC no needed
01G84E1,Updated RC,Updated RC
01G62E2,RC no needed,RC no needed
01FYUCM,Updated RC,Updated RC
01G84HX,RC no needed,RC no needed
01G8P4W,RC no needed,RC no needed
01FXRCE,RC no needed,Updated RC
01FYXQN,RC no needed,RC no needed
01FYU4Y,Updated RC,Updated RC
01FT9PX,RC no needed,RC no needed
01GGGXK,RC no needed,RC no needed
01GGH93,RC no needed,RC no needed
01FMXL9,RC no needed,RC no needed
01GCML9,RC no needed,RC no needed
01GC4DM,RC no needed,RC no needed
01FNYTH,RC no needed,RC no needed
01FTTMY,RC no needed,Updated RC
01G8HK3,Updated RC,Updated RC
01FN970,RC no needed,RC no needed
01GG4W4,RC no needed,Updated RC
01G8HHJ,RC no needed,RC no needed
01FN96Y,RC no needed,RC no needed
01GG1GV,RC no needed,RC no needed
01G8R0G,RC no needed,RC no needed
01FTJUQ,Updated RC,RC no needed
01GG6YN,RC no needed,RC no needed
01GGH96,RC no needed,RC no needed
01FXRF2,Updated RC,RC no needed
01FXRC1,RC no needed,RC no needed
01GC35Y,RC no needed,RC no needed
01G232R,Updated RC,RC no needed
01FW5HG,Updated RC,RC no needed
01GG1YA,RC no needed,RC no needed
01G26KK,Updated RC,Updated RC
01FXUAR,Updated RC,Updated RC
01GHHLP,RC no needed,RC no needed
01FT749,Updated RC,RC no needed
01FK4VY,Updated RC,Updated RC
01FK4VX,RC no needed,RC no needed
01G29AW,Updated RC,Updated RC
01G540E,RC no needed,Updated RC
01FK4W0,Updated RC,RC no needed
01GHJ40,RC no needed,Updated RC
01GGN5V,Updated RC,Updated RC
01G447L,RC no needed,Updated RC
01G1D7F,RC no needed,Updated RC
01FYK2F,Updated RC,Updated RC
01G7TL7,RC no needed,Updated RC
01G088A,Updated RC,Updated RC
01G08A7,Updated RC,Updated RC
01FYK2Q,Updated RC,Updated RC
01G2GDD,RC no needed,Updated RC
01G2P6U,Updated RC,Updated RC
01FWQW8,Updated RC,RC no needed
01FWL9M,Updated RC,Updated RC
01FWL9R,Updated RC,Updated RC
01G3WRH,RC no needed,Updated RC
01FJXDN,Updated RC,Updated RC
01FQ5MP,Updated RC,Updated RC
01G6A4X,RC no needed,RC no needed
01G378H,Updated RC,RC no needed
01G38XX,Updated RC,RC no needed
01FWX06,Updated RC,Updated RC
01FXGFH,Updated RC,Updated RC
01G3EV7,Updated RC,RC no needed
01FXGER,Updated RC,Updated RC
01G3T7N,Updated RC,RC no needed
01G3L6V,Updated RC,RC no needed
01G2120,Updated RC,Updated RC
01G8RM2,RC no needed,Updated RC
01G211H,Updated RC,Updated RC
01GE31W,RC no needed,Updated RC
01G460K,Updated RC,Updated RC
01FULMN,Updated RC,Updated RC
01GE674,RC no needed,Updated RC
01FMXV2,Updated RC,Updated RC
01FMXVF,Updated RC,Updated RC
01G8GCM,RC no needed,RC no needed
01G8Q1U,RC no needed,Updated RC
01FNDWN,Updated RC,Updated RC
01G0C20,Updated RC,Updated RC
01GJJL1,RC no needed,Updated RC
01G8YPT,Updated RC,Updated RC
01FN0H7,Updated RC,Updated RC
01G3WFT,Updated RC,RC no needed
01FMWD2,Updated RC,Updated RC
01FWKM9,Updated RC,Updated RC
01FQ3N7,Updated RC,Updated RC
01G4JWG,RC no needed,RC no needed
01G4JVT,Updated RC,RC no needed
01FJXDW,Updated RC,Updated RC
01FPW46,RC no needed,Updated RC
01FMJUQ,Updated RC,Updated RC
01G57FX,RC no needed,Updated RC
01FQF8X,Updated RC,Updated RC
01GC8YW,RC no needed,Updated RC
01G4GDJ,RC no needed,Updated RC
SH000931481,Missing RC,Missing RC
SH000930383,Missing RC,Missing RC
SH000929503,Missing RC,Missing RC
SH000886543,RC no needed,RC no needed
SH000884935,RC no needed,RC no needed
SH000916467,RC no needed,RC no needed
SH000922259,RC no needed,RC no needed
SH000852444,RC no needed,RC no needed
SH000910388,RC no needed,RC no needed
SH000906729,RC no needed,RC no needed
SH000853016,RC no needed,RC no needed
SH000863241,RC no needed,RC no needed
SH000909005,RC no needed,RC no needed
SH000852441,RC no needed,RC no needed
SH000860020,Updated RC,Updated RC
SH000932056,Missing RC,Updated RC
SH000917838,RC no needed,RC no needed
SH000874168,RC no needed,RC no needed
SH000860023,RC no needed,RC no needed
SH000884938,RC no needed,RC no needed
SH000840718,RC no needed,RC no needed
SH000876703,RC no needed,RC no needed
SH000859317,RC no needed,RC no needed
SH000842383,RC no needed,Updated RC
SH000860678,RC no needed,RC no needed
SH000901371,RC no needed,RC no needed
SH000853008,RC no needed,RC no needed
SH000894780,RC no needed,RC no needed
SH000926279,RC no needed,RC no needed
SH000922317,RC no needed,RC no needed
SH000894771,RC no needed,RC no needed
SH000917752,RC no needed,RC no needed
SH000849525,RC no needed,RC no needed
SH000908971,RC no needed,RC no needed
SH000868473,RC no needed,RC no needed
SH000866024,Updated RC,Updated RC
SH000922922,RC no needed,RC no needed
SH000896128,RC no needed,RC no needed
SH000866023,Updated RC,Updated RC
SH000896129,RC no needed,RC no needed
SH000874859,RC no needed,RC no needed
SH000895561,RC no needed,RC no needed
SH000861336,RC no needed,RC no needed
SH000910897,RC no needed,RC no needed
SH000893359,RC no needed,RC no needed
SH000893367,RC no needed,RC no needed
SH000879910,RC no needed,RC no needed
SH000922920,RC no needed,RC no needed
SH000910356,RC no needed,RC no needed
SH000871200,Updated RC,Updated RC
SH000844376,RC no needed,RC no needed
SH000893360,Missing RC,RC no needed
SH000910894,RC no needed,RC no needed
SH000910913,RC no needed,RC no needed
SH000922268,RC no needed,RC no needed
SH000932053,RC no needed,Updated RC
SH000862551,RC no needed,RC no needed
SH000840254,RC no needed,RC no needed
SH000870572,RC no needed,RC no needed
SH000914015,RC no needed,RC no needed
SH000922240,RC no needed,RC no needed
SH000912326,RC no needed,RC no needed
SH000850298,RC no needed,RC no needed
SH000902327,RC no needed,RC no needed
SH000842570,RC no needed,RC no needed
SH000915768,RC no needed,RC no needed
SH000929427,RC no needed,RC no needed
SH000917162,RC no needed,RC no needed
SH000884274,RC no needed,RC no needed
SH000860650,RC no needed,RC no needed
SH000892202,RC no needed,RC no needed
SH000900259,RC no needed,RC no needed
SH000927740,RC no needed,RC no needed
SH000906085,RC no needed,RC no needed
SH000865026,RC no needed,RC no needed
SH000884289,RC no needed,RC no needed
SH000867879,RC no needed,RC no needed
SH000841787,RC no needed,RC no needed
SH000880559,RC no needed,RC no needed
SH000866671,RC no needed,RC no needed
SH000928620,RC no needed,Updated RC
SH000914057,Updated RC,RC no needed
SH000894784,RC no needed,RC no needed
SH000928621,RC no needed,Updated RC
SH000880038,RC no needed,RC no needed
SH000906095,RC no needed,RC no needed
SH000880039,RC no needed,RC no needed
SH000906011,RC no needed,RC no needed
SH000891344,RC no needed,RC no needed
SH000906094,RC no needed,RC no needed
SH000926978,RC no needed,RC no needed
SH000860646,RC no needed,RC no needed
SH000892201,RC no needed,RC no needed
SH000884287,RC no needed,RC no needed
SH000854295,RC no needed,RC no needed
SH000892186,RC no needed,Updated RC
SH000922966,RC no needed,RC no needed
SH000866632,RC no needed,RC no needed
SH000921232,RC no needed,Missing RC
SH000879263,RC no needed,RC no needed
SH000842388,RC no needed,RC no needed
SH000854296,RC no needed,RC no needed
SH000870061,RC no needed,RC no needed
SH000891362,RC no needed,RC no needed
SH000906728,RC no needed,RC no needed
SH000891357,RC no needed,RC no needed
SH000867901,RC no needed,RC no needed
SH000905988,RC no needed,RC no needed
SH000854294,RC no needed,RC no needed
SH000896743,RC no needed,RC no needed
SH000861934,RC no needed,RC no needed
SH000922964,RC no needed,RC no needed
SH000906720,RC no needed,RC no needed
SH000886610,RC no needed,RC no needed
SH000880564,RC no needed,RC no needed
SH000842572,RC no needed,RC no needed
SH000915760,RC no needed,RC no needed
SH000907557,RC no needed,RC no needed
SH000912339,RC no needed,RC no needed
SH000925500,RC no needed,RC no needed
SH000867302,RC no needed,RC no needed
SH000888692,RC no needed,RC no needed
SH000899559,RC no needed,RC no needed
SH000875481,RC no needed,RC no needed
SH000863290,RC no needed,RC no needed
SH000880662,RC no needed,RC no needed
SH000878338,RC no needed,RC no needed
SH000924488,RC no needed,RC no needed
SH000899573,RC no needed,RC no needed
SH000899571,RC no needed,RC no needed
SH000931479,Updated RC,Updated RC
SH000853643,RC no needed,RC no needed
SH000922263,RC no needed,RC no needed
SH000899553,RC no needed,RC no needed
SH000866021,RC no needed,RC no needed
SH000871827,RC no needed,RC no needed
SH000895559,RC no needed,RC no needed
SH000899058,RC no needed,RC no needed
SH000887253,RC no needed,RC no needed
SH000930734,RC no needed,RC no needed
SH000917143,RC no needed,RC no needed
SH000863860,RC no needed,RC no needed
SH000917129,RC no needed,RC no needed
SH000872459,RC no needed,RC no needed
SH000881354,RC no needed,RC no needed
SH000902314,RC no needed,RC no needed
SH000851134,RC no needed,RC no needed
SH000860576,RC no needed,RC no needed
SH000843797,RC no needed,RC no needed
SH000895549,RC no needed,RC no needed
SH000881344,RC no needed,RC no needed
SH000924522,RC no needed,RC no needed
SH000899757,RC no needed,RC no needed
SH000920238,RC no needed,RC no needed
SH000880575,RC no needed,RC no needed
SH000856260,RC no needed,RC no needed
SH000899566,RC no needed,RC no needed
SH000887262,RC no needed,RC no needed
SH000899564,RC no needed,RC no needed
SH000899686,RC no needed,RC no needed
SH000885644,RC no needed,RC no needed
SH000912337,RC no needed,RC no needed
SH000895547,RC no needed,RC no needed
SH000854842,RC no needed,RC no needed
SH000888694,RC no needed,RC no needed
SH000888790,Updated RC,RC no needed
SH000912331,RC no needed,RC no needed
SH000865013,RC no needed,RC no needed
SH000929966,RC no needed,RC no needed
SH000899587,RC no needed,RC no needed
SH000840727,RC no needed,RC no needed
SH000910358,RC no needed,RC no needed
SH000853644,RC no needed,RC no needed
SH000868496,RC no needed,RC no needed
SH000924518,RC no needed,RC no needed
SH000899576,RC no needed,RC no needed
SH000900787,RC no needed,RC no needed
SH000887164,RC no needed,RC no needed
SH000883625,RC no needed,RC no needed
SH000926291,RC no needed,RC no needed
SH000925526,RC no needed,RC no needed
SH000876137,RC no needed,RC no needed
SH000910944,RC no needed,RC no needed
SH000932036,Updated RC,Updated RC
SH000860028,RC no needed,RC no needed
SH000930764,RC no needed,Updated RC
SH000899061,RC no needed,RC no needed
SH000867319,RC no needed,RC no needed
SH000899060,RC no needed,RC no needed
SH000910956,RC no needed,RC no needed
SH000845716,RC no needed,RC no needed
SH000902298,RC no needed,RC no needed
SH000911577,RC no needed,RC no needed
SH000907497,RC no needed,RC no needed
SH000876074,RC no needed,RC no needed
SH000890117,RC no needed,RC no needed
SH000845695,RC no needed,RC no needed
SH000932043,Updated RC,Updated RC
SH000844264,RC no needed,Updated RC
SH000903171,Updated RC,RC no needed
SH000926322,RC no needed,RC no needed
SH000840735,RC no needed,RC no needed
SH000861979,RC no needed,RC no needed
SH000929500,RC no needed,Updated RC
SH000845714,RC no needed,RC no needed
SH000861887,RC no needed,RC no needed
SH000899059,RC no needed,RC no needed
SH000916437,RC no needed,RC no needed
SH000858286,RC no needed,RC no needed
SH000922318,RC no needed,RC no needed
SH000845696,RC no needed,RC no needed
SH000852414,RC no needed,RC no needed
SH000926325,RC no needed,RC no needed
SH000862525,RC no needed,RC no needed
SH000846524,RC no needed,RC no needed
SH000846533,RC no needed,RC no needed
SH000845029,RC no needed,RC no needed
SH000860012,RC no needed,RC no needed
SH000903634,RC no needed,RC no needed
SH000899562,RC no needed,RC no needed
SH000846530,RC no needed,RC no needed
SH000895520,RC no needed,RC no needed
SH000888680,RC no needed,RC no needed
SH000848852,RC no needed,RC no needed
SH000857618,RC no needed,RC no needed
SH000847890,RC no needed,RC no needed
SH000848397,RC no needed,RC no needed
SH000889156,RC no needed,RC no needed
SH000879886,RC no needed,RC no needed
SH000852425,RC no needed,RC no needed
SH000856265,RC no needed,RC no needed
SH000893350,RC no needed,RC no needed
SH000840244,RC no needed,RC no needed
SH000930787,RC no needed,Updated RC
SH000845713,RC no needed,RC no needed
SH000927074,RC no needed,RC no needed
SH000848637,RC no needed,RC no needed
SH000932035,Updated RC,Updated RC
SH000845671,RC no needed,RC no needed
SH000922886,RC no needed,RC no needed
SH000858287,RC no needed,Updated RC
SH000864479,RC no needed,RC no needed
SH000903586,RC no needed,RC no needed
SH000871882,RC no needed,RC no needed
SH000910917,RC no needed,RC no needed
SH000922855,RC no needed,RC no needed
SH000870062,Updated RC,Updated RC
SH000908436,RC no needed,RC no needed
SH000902390,RC no needed,RC no needed
SH000874738,RC no needed,RC no needed
SH000915138,RC no needed,RC no needed
SH000915192,RC no needed,RC no needed
SH000882789,RC no needed,RC no needed
SH000916412,RC no needed,RC no needed
SH000858237,RC no needed,RC no needed
SH000906697,RC no needed,RC no needed
SH000860673,RC no needed,RC no needed
SH000848004,Updated RC,Updated RC
SH000860635,RC no needed,RC no needed
SH000849445,RC no needed,RC no needed
SH000890717,RC no needed,RC no needed
SH000899557,RC no needed,RC no needed
SH000852991,RC no needed,RC no needed
SH000908452,RC no needed,RC no needed
SH000902374,RC no needed,RC no needed
SH000882765,RC no needed,RC no needed
SH000890709,RC no needed,RC no needed
SH000915136,RC no needed,RC no needed
SH000921329,RC no needed,RC no needed
SH000909899,RC no needed,RC no needed
SH000844960,RC no needed,RC no needed
SH000915190,RC no needed,RC no needed
SH000931398,RC no needed,Updated RC
SH000882962,RC no needed,RC no needed
SH000920241,RC no needed,RC no needed
SH000931402,RC no needed,Updated RC
SH000848002,Updated RC,Updated RC
SH000929946,RC no needed,Updated RC
SH000913198,RC no needed,RC no needed
SH000882959,RC no needed,RC no needed
SH000898966,RC no needed,RC no needed
SH000851737,RC no needed,RC no needed
SH000847511,RC no needed,RC no needed
SH000871256,RC no needed,RC no needed
SH000902373,RC no needed,RC no needed
SH000892800,RC no needed,RC no needed
SH000882963,RC no needed,RC no needed
SH000875406,RC no needed,RC no needed
SH000931385,RC no needed,Updated RC
SH000929990,RC no needed,RC no needed
SH000882960,RC no needed,RC no needed
SH000900223,RC no needed,RC no needed
SH000859422,RC no needed,RC no needed
SH000859425,RC no needed,RC no needed
SH000842426,RC no needed,RC no needed
SH000929941,RC no needed,RC no needed
SH000898977,RC no needed,RC no needed
SH000871224,RC no needed,RC no needed
SH000898980,RC no needed,RC no needed
SH000882743,RC no needed,RC no needed
SH000928579,RC no needed,RC no needed
SH000853683,RC no needed,RC no needed
SH000928571,RC no needed,RC no needed
SH000873351,RC no needed,RC no needed
SH000847001,RC no needed,RC no needed
SH000873263,RC no needed,RC no needed
SH000866667,RC no needed,RC no needed
SH000913197,RC no needed,RC no needed
SH000848026,RC no needed,RC no needed
SH000865024,RC no needed,RC no needed
SH000874123,RC no needed,RC no needed
SH000865023,RC no needed,RC no needed
SH000861911,RC no needed,RC no needed
SH000923658,RC no needed,RC no needed
SH000928578,RC no needed,RC no needed
SH000916504,RC no needed,RC no needed
SH000901377,RC no needed,RC no needed
SH000909898,RC no needed,RC no needed
SH000887193,RC no needed,RC no needed
SH000913225,RC no needed,RC no needed
SH000898969,RC no needed,RC no needed
SH000865098,RC no needed,RC no needed
SH000900734,RC no needed,RC no needed
SH000847003,RC no needed,RC no needed
SH000929961,RC no needed,Updated RC
SH000931688,RC no needed,Updated RC
SH000852195,RC no needed,Missing RC
SH000899426,RC no needed,RC no needed
SH000876628,RC no needed,Updated RC
SH000910113,RC no needed,Updated RC
SH000863553,Updated RC,Missing RC
SH000863554,Updated RC,Missing RC
SH000924454,RC no needed,Updated RC
SH000890711,RC no needed,Updated RC
SH000867346,Updated RC,Updated RC
SH000911617,Updated RC,Updated RC
SH000879243,RC no needed,RC no needed
SH000906673,RC no needed,Updated RC
SH000893380,RC no needed,Updated RC
SH000903862,RC no needed,RC no needed
SH000910666,RC no needed,Missing RC
SH000857647,RC no needed,RC no needed
SH000867883,Updated RC,Updated RC
SH000878292,Updated RC,RC no needed
SH000859260,Updated RC,Missing RC
SH000845106,RC no needed,Updated RC
SH000854250,Updated RC,Updated RC
SH000923730,Missing RC,Missing RC
SH000899606,RC no needed,Updated RC
SH000897436,RC no needed,RC no needed
SH000898297,RC no needed,RC no needed
SH000903870,Missing RC,Updated RC
SH000854548,Missing RC,Updated RC
SH000925535,RC no needed,RC no needed
SH000854551,RC no needed,RC no needed
SH000906080,RC no needed,RC no needed
SH000930716,RC no needed,RC no needed
SH000880563,RC no needed,RC no needed
SH000895590,RC no needed,RC no needed
SH000896145,RC no needed,RC no needed
SH000866185,RC no needed,RC no needed
SH000919091,Updated RC,Updated RC
SH000910396,RC no needed,RC no needed
SH000852427,Missing RC,RC no needed
SH000903791,Missing RC,Updated RC
SH000874339,Updated RC,Updated RC
SH000864100,Updated RC,Updated RC
SH000900736,RC no needed,RC no needed
SH000899063,RC no needed,RC no needed
SH000882772,RC no needed,RC no needed
SH000873835,RC no needed,RC no needed
SH000909935,RC no needed,RC no needed
SH000877665,RC no needed,RC no needed
SH000923263,Updated RC,Updated RC
SH000904205,RC no needed,RC no needed
SH000874301,Missing RC,RC no needed
SH000879905,RC no needed,RC no needed
SH000873832,RC no needed,RC no needed
SH000901304,RC no needed,RC no needed
SH000893400,RC no needed,Missing RC
SH000874298,Missing RC,RC no needed
SH000904204,RC no needed,RC no needed
SH000883867,Missing RC,RC no needed
SH000900258,RC no needed,RC no needed
SH000900241,RC no needed,RC no needed
SH000892372,RC no needed,RC no needed
SH000896147,RC no needed,RC no needed
SH000909480,RC no needed,RC no needed
SH000908961,RC no needed,RC no needed
SH000889320,RC no needed,RC no needed
SH000883679,RC no needed,RC no needed
SH000903878,Missing RC,Updated RC
SH000910496,Missing RC,Updated RC
SH000910490,Updated RC,Updated RC
SH000874858,RC no needed,RC no needed
SH000841203,RC no needed,RC no needed
SH000894789,RC no needed,RC no needed
SH000894788,RC no needed,RC no needed
SH000876104,Updated RC,Updated RC
SH000881370,RC no needed,RC no needed
SH000910955,RC no needed,RC no needed
SH000913438,Missing RC,RC no needed
SH000932108,Updated RC,Updated RC
SH000893939,RC no needed,RC no needed
SH000932112,Updated RC,Updated RC
SH000929992,RC no needed,RC no needed
SH000881332,RC no needed,RC no needed
SH000929951,Updated RC,Updated RC
SH000923270,Updated RC,Updated RC
SH000909932,RC no needed,RC no needed
SH000930702,RC no needed,RC no needed
SH000916463,RC no needed,RC no needed
SH000925707,RC no needed,RC no needed
SH000903633,RC no needed,RC no needed
SH000876383,Missing RC,RC no needed
SH000914441,RC no needed,Updated RC
SH000922908,RC no needed,RC no needed
SH000903880,Updated RC,Updated RC
SH000854549,RC no needed,Updated RC
SH000867484,RC no needed,RC no needed
SH000893402,RC no needed,RC no needed
SH000893401,Missing RC,RC no needed
SH000922906,RC no needed,RC no needed
SH000867481,RC no needed,RC no needed
SH000916444,RC no needed,RC no needed
SH000903877,Missing RC,Updated RC
SH000929499,RC no needed,RC no needed
SH000914443,Updated RC,Updated RC
SH000902367,RC no needed,RC no needed
SH000883762,Missing RC,RC no needed
SH000878325,RC no needed,RC no needed
SH000900795,RC no needed,RC no needed
SH000905109,RC no needed,RC no needed
SH000899685,RC no needed,RC no needed
SH000854544,RC no needed,RC no needed
SH000906704,RC no needed,RC no needed
SH000874328,RC no needed,RC no needed
SH000875468,RC no needed,RC no needed
SH000899687,RC no needed,RC no needed
SH000929950,Updated RC,Updated RC
SH000887234,RC no needed,RC no needed
SH000899694,RC no needed,RC no needed
SH000887209,RC no needed,RC no needed
SH000882893,RC no needed,RC no needed
SH000885707,RC no needed,RC no needed
SH000902315,RC no needed,RC no needed
SH000892261,RC no needed,RC no needed
SH000854552,RC no needed,RC no needed
SH000930705,RC no needed,RC no needed
SH000910713,Updated RC,Updated RC
SH000854543,Missing RC,RC no needed
SH000875476,RC no needed,RC no needed
SH000907847,RC no needed,Updated RC
SH000900797,RC no needed,RC no needed
SH000899690,RC no needed,RC no needed
SH000841496,RC no needed,Updated RC
SH000895789,Missing RC,Updated RC
SH000895591,RC no needed,RC no needed
SH000899004,RC no needed,RC no needed
SH000929982,RC no needed,RC no needed
SH000883627,RC no needed,RC no needed
SH000859421,RC no needed,RC no needed
SH000901315,RC no needed,RC no needed
SH000925082,RC no needed,Updated RC
SH000892256,RC no needed,RC no needed
SH000876566,Updated RC,Updated RC
SH000917331,RC no needed,Updated RC
SH000907908,RC no needed,Updated RC
